patient_id,age,family_history,breast_lump,breast_pain,nipple_discharge,skin_changes,previous_breast_disease,risk_label
P362,74,No,No,Yes,No,No,No,Moderate
P074,27,No,No,Yes,No,No,Yes,Moderate
P375,74,Yes,No,No,No,No,No,Moderate
P156,60,Yes,No,No,No,No,No,Moderate
P105,68,No,No,Yes,No,No,No,Moderate
P395,63,No,No,No,No,No,Yes,Moderate
P378,65,No,No,No,No,No,No,Low
P125,72,No,No,Yes,Yes,No,No,Moderate
P069,24,No,No,Yes,No,No,No,Low
P451,78,No,No,Yes,No,No,No,Moderate
P010,25,No,No,Yes,Yes,No,No,Moderate
P195,78,No,No,No,No,No,No,Low
P407,46,Yes,No,No,No,No,No,Low
P085,58,No,No,Yes,No,No,No,Low
P372,60,No,No,No,No,Yes,No,Moderate
P389,74,No,No,No,No,No,No,Low
P496,45,No,No,No,No,No,No,Low
P031,47,No,No,No,No,No,No,Low
P317,64,No,No,No,No,No,No,Low
P409,76,No,No,No,No,No,Yes,Moderate
P491,76,No,Yes,No,No,No,Yes,High
P492,72,No,No,No,No,No,No,Low
P281,36,No,No,No,No,No,No,Low
P357,29,Yes,No,Yes,No,No,No,Moderate
P077,40,Yes,No,No,No,No,No,Low
P462,28,No,Yes,No,No,No,No,Moderate
P498,42,No,No,No,No,No,No,Low
P212,63,No,No,No,No,No,Yes,Moderate
P102,32,No,No,Yes,Yes,No,No,Moderate
P335,48,Yes,Yes,No,No,No,No,Moderate
P476,67,No,Yes,No,No,No,No,Moderate
P337,78,No,No,No,No,No,No,Low
P441,79,No,No,Yes,No,Yes,No,Moderate
P174,64,No,No,No,No,No,No,Low
P003,59,No,No,No,Yes,No,Yes,Moderate
P334,70,No,Yes,No,No,No,No,Moderate
P410,20,No,No,No,No,No,No,Low
P071,68,Yes,No,No,Yes,No,No,High
P210,67,No,No,No,No,No,Yes,Moderate
P064,79,No,No,No,No,No,No,Low
P385,21,No,Yes,Yes,No,No,No,Moderate
P094,43,No,No,No,Yes,No,No,Low
P486,34,No,No,Yes,No,No,No,Low
P186,47,No,No,Yes,No,Yes,No,Moderate
P034,53,No,No,No,No,No,No,Low
P078,33,No,No,No,No,No,No,Low
P001,25,No,No,No,No,No,No,Low
P012,79,Yes,No,No,No,Yes,Yes,High
P416,61,No,Yes,Yes,No,No,No,Moderate
P023,31,No,No,No,No,No,Yes,Low
P073,48,No,No,No,No,No,No,Low
P183,50,No,No,No,No,No,No,Low
P132,53,Yes,No,No,No,No,No,Moderate
P411,30,No,No,No,No,No,Yes,Low
P194,42,No,No,No,No,No,No,Low
P056,22,No,No,Yes,No,No,No,Low
P149,70,No,No,No,No,No,No,Low
P019,71,No,No,No,No,No,Yes,Moderate
P205,47,No,Yes,No,Yes,No,No,Moderate
P079,54,No,Yes,No,Yes,No,No,High
P495,37,No,No,Yes,No,No,No,Low
P263,38,No,No,No,No,No,No,Low
P324,75,No,Yes,Yes,No,No,No,High
P484,68,No,No,No,Yes,No,No,Moderate
P080,60,No,No,No,No,No,No,Low
P040,58,No,No,No,No,No,No,Low
P452,76,No,No,Yes,Yes,No,Yes,High
P047,47,Yes,No,No,No,No,No,Low
P239,38,No,No,Yes,Yes,No,No,Moderate
P392,30,Yes,Yes,No,No,No,No,Moderate
P353,38,Yes,Yes,No,No,No,Yes,High
P342,37,No,No,No,No,No,Yes,Low
P278,67,Yes,No,No,No,Yes,Yes,High
P291,69,Yes,No,Yes,No,No,No,Moderate
P318,64,No,No,No,Yes,No,No,Moderate
P305,53,No,No,No,No,No,No,Low
P269,57,No,No,No,No,No,No,Low
P070,48,Yes,No,Yes,No,Yes,Yes,High
P456,53,No,No,Yes,No,No,No,Low
P466,78,No,No,Yes,No,No,No,Moderate
P155,46,Yes,Yes,No,No,No,No,Moderate
P083,29,No,No,No,No,No,No,Low
P478,21,No,No,Yes,No,No,No,Low
P173,67,No,No,No,No,No,No,Low
P322,26,Yes,No,No,No,No,Yes,Moderate
P091,46,No,No,No,No,No,No,Low
P181,77,Yes,No,Yes,No,No,No,Moderate
P415,21,No,No,Yes,No,No,No,Low
P313,27,Yes,No,Yes,No,No,No,Moderate
P279,23,No,No,No,No,No,No,Low
P382,77,Yes,No,Yes,No,No,Yes,High
P473,46,No,Yes,Yes,No,No,No,Moderate
P363,33,Yes,No,Yes,No,No,No,Moderate
P325,79,Yes,Yes,No,No,No,Yes,High
P432,65,No,No,Yes,Yes,No,No,Moderate
P348,77,No,Yes,No,No,No,No,Moderate
P087,25,No,No,No,No,No,No,Low
P076,49,No,No,Yes,No,Yes,No,Moderate
P439,24,No,No,No,No,No,No,Low
P016,67,No,No,Yes,No,No,Yes,Moderate
P250,22,No,No,No,No,No,No,Low
P434,27,No,No,No,No,No,No,Low
P020,47,No,No,No,No,No,Yes,Low
P323,57,No,No,No,No,No,No,Low
P333,38,No,Yes,No,No,No,No,Moderate
P057,53,No,No,No,No,No,No,Low
P302,70,No,No,No,No,No,No,Low
P230,30,No,No,No,No,Yes,Yes,Moderate
P332,42,No,Yes,No,No,No,No,Moderate
P133,25,Yes,Yes,No,No,No,No,Moderate
P138,21,Yes,No,No,No,No,Yes,Moderate
P424,55,No,No,No,No,No,Yes,Moderate
P336,69,No,No,Yes,No,No,No,Moderate
P026,59,No,Yes,No,No,No,No,Moderate
P465,20,Yes,No,No,Yes,No,No,Moderate
P282,49,No,No,No,No,No,No,Low
P248,45,No,No,No,No,No,No,Low
P238,46,No,No,No,No,No,No,Low
P118,28,No,Yes,No,No,No,No,Moderate
P043,62,Yes,No,No,No,No,No,Moderate
P221,27,No,No,Yes,No,No,No,Low
P177,63,No,No,No,No,No,No,Low
P321,39,No,Yes,No,No,No,No,Moderate
P154,37,No,No,No,No,No,Yes,Low
P232,72,No,Yes,No,No,No,No,Moderate
P228,55,No,No,Yes,Yes,No,No,Moderate
P418,27,Yes,No,No,No,No,No,Low
P204,62,No,No,Yes,Yes,No,Yes,High
P127,24,Yes,No,No,No,No,No,Low
P330,53,No,No,Yes,No,Yes,No,Moderate
P032,33,No,Yes,No,No,No,No,Moderate
P114,47,No,No,No,No,No,No,Low
P471,65,No,No,No,No,No,No,Low
P272,21,No,No,No,No,No,No,Low
P141,79,No,No,Yes,No,No,No,Moderate
P058,29,No,No,No,No,No,No,Low
P193,57,No,No,No,No,No,No,Low
P025,67,No,No,No,No,No,No,Low
P018,27,No,No,Yes,No,No,No,Low
P266,55,No,No,No,No,No,No,Low
P067,75,No,Yes,No,No,No,No,Moderate
P209,36,Yes,No,Yes,No,No,No,Moderate
P480,26,No,No,No,No,No,No,Low
P095,74,Yes,No,Yes,No,No,No,Moderate
P254,40,No,No,No,No,No,No,Low
P267,47,No,No,No,No,No,Yes,Low
P024,76,No,Yes,No,Yes,No,No,High
P223,62,No,No,No,No,No,No,Low
P262,30,Yes,No,No,No,No,Yes,Moderate
P427,72,Yes,No,Yes,No,No,Yes,High
P006,72,No,No,Yes,No,No,No,Moderate
P117,22,No,Yes,No,Yes,No,No,Moderate
P046,79,Yes,No,No,No,No,No,Moderate
P017,51,No,No,No,Yes,No,No,Moderate
P463,65,Yes,No,Yes,No,No,No,Moderate
P358,74,No,No,No,Yes,No,No,Moderate
P004,46,No,No,No,No,No,No,Low
P219,47,No,No,Yes,No,No,No,Low
P406,50,No,No,No,No,Yes,No,Moderate
P061,76,No,No,No,No,Yes,No,Moderate
P111,36,Yes,No,No,No,No,No,Low
P319,77,No,No,No,No,No,No,Low
P429,21,No,No,Yes,No,No,No,Low
P030,47,Yes,Yes,No,No,No,No,Moderate
P438,76,Yes,Yes,No,No,No,Yes,High
P472,69,No,No,No,No,No,No,Low
P027,44,No,No,No,No,No,No,Low
P008,62,No,Yes,Yes,Yes,No,No,High
P454,21,Yes,No,No,No,No,No,Low
P109,48,No,No,No,No,Yes,No,Low
P038,70,No,No,No,No,No,No,Low
P158,53,Yes,No,No,No,No,No,Moderate
P490,56,No,No,Yes,No,No,No,Low
P119,34,No,No,No,No,No,Yes,Low
P115,50,No,No,No,No,No,No,Low
P176,48,Yes,No,No,No,No,No,Low
P374,42,No,No,No,No,Yes,No,Low
P182,29,No,No,No,No,No,No,Low
P145,80,No,No,Yes,No,No,Yes,Moderate
P370,67,No,Yes,No,No,Yes,No,High
P391,65,No,No,Yes,Yes,No,No,Moderate
P196,25,No,No,No,Yes,No,No,Low
P405,50,Yes,No,Yes,No,No,No,Moderate
P276,49,No,No,No,No,No,No,Low
P455,56,No,No,No,No,No,Yes,Moderate
P142,33,No,Yes,Yes,No,No,Yes,High
P366,51,No,No,No,Yes,No,No,Moderate
P068,42,No,No,No,No,No,No,Low
P211,35,No,No,Yes,No,No,No,Low
P169,40,No,No,Yes,No,No,No,Low
P494,56,No,No,Yes,No,No,No,Low
P376,25,No,No,Yes,No,No,No,Low
P401,80,No,No,No,No,Yes,No,Moderate
P273,29,No,Yes,Yes,No,No,No,Moderate
P110,63,No,No,No,No,No,No,Low
P249,68,No,Yes,No,No,No,Yes,High
P146,72,No,Yes,No,No,Yes,No,High
P093,71,Yes,No,No,No,No,No,Moderate
P153,75,Yes,No,Yes,No,No,No,Moderate
P368,39,No,Yes,No,No,No,No,Moderate
P468,56,No,No,No,Yes,Yes,No,Moderate
P084,70,Yes,No,Yes,No,No,Yes,High
P246,25,No,No,No,No,No,No,Low
P166,69,No,Yes,Yes,No,No,No,High
P164,44,Yes,Yes,Yes,No,No,No,High
P200,78,No,No,No,Yes,No,Yes,High
P229,53,No,No,No,No,No,No,Low
P075,61,Yes,Yes,No,No,No,Yes,High
P479,60,No,Yes,No,No,No,No,Moderate
P359,25,No,Yes,No,No,No,No,Moderate
P251,30,No,No,No,No,No,Yes,Low
P120,26,Yes,No,No,No,No,No,Low
P311,60,No,Yes,Yes,Yes,No,No,High
P300,21,No,No,No,No,No,No,Low
P256,28,Yes,No,No,Yes,No,No,Moderate
P355,79,Yes,No,No,No,No,No,Moderate
P400,38,No,Yes,Yes,No,No,No,Moderate
P226,38,No,No,No,No,No,No,Low
P354,46,No,Yes,Yes,Yes,No,No,High
P235,50,No,No,No,No,No,No,Low
P383,77,No,No,No,Yes,No,No,Moderate
P275,45,No,No,Yes,No,Yes,No,Moderate
P037,72,No,Yes,No,No,No,No,Moderate
P197,40,Yes,No,Yes,No,No,No,Moderate
P140,46,Yes,No,No,No,No,No,Low
P365,27,No,Yes,Yes,No,No,No,Moderate
P245,58,Yes,Yes,No,No,No,No,High
P440,44,No,No,No,Yes,No,No,Low
P287,29,No,No,Yes,Yes,No,No,Moderate
P060,61,No,Yes,Yes,No,No,No,Moderate
P112,67,No,No,No,Yes,No,No,Moderate
P090,70,Yes,No,No,No,No,No,Moderate
P437,54,No,No,No,No,No,No,Low
P007,25,Yes,No,Yes,No,Yes,Yes,High
P361,71,No,No,No,No,No,No,Low
P347,80,No,No,No,No,No,No,Low
P339,32,No,No,No,No,No,No,Low
P159,50,No,No,Yes,No,No,Yes,Moderate
P151,72,No,No,No,No,No,No,Low
P178,29,Yes,Yes,No,No,No,No,Moderate
P394,56,No,Yes,No,No,No,No,Moderate
P185,50,No,No,No,No,No,No,Low
P450,37,No,No,Yes,No,No,Yes,Moderate
P011,52,No,No,No,No,No,No,Low
P381,20,Yes,Yes,No,No,No,No,Moderate
P104,20,No,Yes,No,No,No,No,Moderate
P082,46,No,No,No,Yes,No,No,Low
P039,36,No,Yes,No,No,No,Yes,Moderate
P315,34,No,No,Yes,No,No,No,Low
P168,30,No,No,No,No,No,Yes,Low
P470,76,Yes,No,Yes,No,No,No,Moderate
P297,71,No,No,No,No,Yes,No,Moderate
P475,58,No,No,No,Yes,No,No,Moderate
P199,40,No,Yes,No,No,No,Yes,Moderate
P298,46,No,No,Yes,No,No,No,Low
P417,79,Yes,Yes,Yes,Yes,No,No,High
P147,22,Yes,No,No,No,No,Yes,Moderate
P393,42,No,Yes,No,No,No,Yes,Moderate
P148,34,No,No,Yes,No,No,No,Low
P448,78,No,No,Yes,No,No,No,Moderate
P288,54,No,No,Yes,No,No,No,Low
P124,48,No,No,Yes,Yes,No,No,Moderate
P369,21,No,No,Yes,No,No,No,Low
P097,34,Yes,No,No,No,No,No,Low
P144,44,No,No,No,No,No,No,Low
P240,58,No,Yes,No,No,No,No,Moderate
P443,28,No,Yes,No,No,No,No,Moderate
P098,61,No,No,No,No,No,No,Low
P408,28,No,No,Yes,No,No,No,Low
P123,59,No,Yes,No,Yes,No,No,High
P184,62,Yes,No,No,No,No,Yes,Moderate
P203,50,No,No,Yes,No,No,No,Low
P247,66,No,No,Yes,No,No,No,Moderate
P306,28,No,No,Yes,No,No,No,Low
P299,37,No,Yes,No,No,No,Yes,Moderate
P352,22,No,No,No,No,No,No,Low
P387,24,No,No,No,No,No,Yes,Low
P396,73,Yes,No,No,Yes,No,No,High
P285,46,No,No,No,No,Yes,Yes,Moderate
P126,54,No,Yes,No,No,No,No,Moderate
P303,20,No,No,No,No,No,No,Low
P224,32,No,Yes,No,No,No,Yes,Moderate
P419,38,No,Yes,No,No,No,No,Moderate
P220,75,No,No,No,No,No,No,Low
P130,58,No,No,No,No,No,No,Low
P421,76,No,No,No,No,No,Yes,Moderate
P290,48,Yes,No,No,No,No,No,Low
P445,51,Yes,Yes,No,No,No,No,High
P377,64,Yes,No,No,No,No,No,Moderate
P292,36,No,No,No,No,No,Yes,Low
P356,80,Yes,No,No,No,No,No,Moderate
P295,53,No,No,No,Yes,No,No,Moderate
P397,22,No,No,No,No,No,No,Low
P341,58,Yes,No,No,No,No,Yes,Moderate
P113,53,No,Yes,No,Yes,No,No,High
P180,50,Yes,No,No,No,No,No,Moderate
P308,53,No,No,No,No,No,No,Low
P433,70,No,No,Yes,No,No,No,Moderate
P488,52,No,No,No,No,No,No,Low
P482,70,No,No,No,No,No,No,Low
P423,66,Yes,No,Yes,No,No,No,Moderate
P234,66,No,No,No,No,No,No,Low
P312,61,No,No,No,No,No,No,Low
P165,45,No,Yes,No,No,No,No,Moderate
P137,56,No,No,Yes,No,Yes,No,Moderate
P198,27,No,Yes,No,Yes,No,No,Moderate
P259,30,No,No,No,No,No,No,Low
P233,21,No,No,No,No,No,No,Low
P116,54,No,Yes,No,No,No,No,Moderate
P121,46,No,No,No,No,No,No,Low
P350,30,No,No,No,No,Yes,No,Low
P225,64,No,No,No,No,No,No,Low
P403,39,No,No,No,No,No,No,Low
P398,31,No,Yes,Yes,Yes,No,No,High
P128,66,No,No,Yes,No,No,No,Moderate
P286,77,No,No,No,No,No,No,Low
P412,34,Yes,No,No,No,No,Yes,Moderate
P108,60,Yes,Yes,No,No,No,No,High
P371,40,No,No,No,No,No,No,Low
P326,34,No,No,No,No,No,Yes,Low
P134,54,No,No,Yes,No,No,No,Low
P453,50,No,Yes,No,Yes,No,Yes,High
P045,24,Yes,No,No,Yes,No,Yes,High
P461,64,Yes,No,Yes,Yes,Yes,No,High
P066,39,No,Yes,No,No,No,No,Moderate
P284,49,No,Yes,Yes,No,No,No,Moderate
P086,62,No,No,Yes,No,No,No,Low
P243,25,No,Yes,No,No,No,No,Moderate
P187,30,No,Yes,No,No,No,No,Moderate
P384,34,No,No,No,Yes,No,No,Low
P160,67,Yes,No,Yes,Yes,Yes,No,High
P013,64,No,No,No,No,No,No,Low
P036,23,No,No,Yes,No,No,No,Low
P029,53,Yes,No,Yes,No,No,No,Moderate
P171,26,No,No,Yes,No,No,Yes,Moderate
P143,36,No,No,No,No,No,No,Low
P399,37,No,No,Yes,No,No,Yes,Moderate
P343,57,No,No,Yes,No,No,Yes,Moderate
P222,47,No,No,No,Yes,No,No,Low
P096,37,Yes,Yes,No,No,No,No,Moderate
P052,31,No,No,No,No,No,No,Low
P241,28,No,No,No,No,Yes,No,Low
P485,48,No,No,Yes,No,No,No,Low
P379,43,No,No,No,No,No,No,Low
P179,74,No,No,Yes,No,No,No,Moderate
P042,66,No,No,No,No,No,No,Low
P499,76,Yes,Yes,No,No,No,Yes,High
P422,62,No,No,No,No,No,No,Low
P207,66,Yes,No,No,No,No,No,Moderate
P283,60,No,No,No,No,No,No,Low
P255,60,No,No,Yes,No,No,No,Low
P413,37,No,Yes,Yes,No,No,No,Moderate
P005,46,No,No,No,No,Yes,Yes,Moderate
P257,61,No,Yes,Yes,No,Yes,No,High
P449,51,No,No,Yes,No,No,No,Low
P101,70,No,No,Yes,No,No,No,Moderate
P227,69,No,No,No,No,No,No,Low
P430,63,No,No,No,Yes,No,No,Moderate
P214,47,No,No,No,No,No,No,Low
P172,25,No,Yes,No,No,No,No,Moderate
P099,58,No,No,No,No,No,No,Low
P293,78,Yes,No,No,No,No,No,Moderate
P216,36,No,No,No,No,No,No,Low
P062,65,No,No,Yes,No,No,Yes,Moderate
P048,74,Yes,No,No,No,No,No,Moderate
P033,25,No,No,No,No,No,No,Low
P268,41,No,Yes,Yes,No,No,No,Moderate
P328,22,No,No,Yes,No,No,No,Low
P201,42,No,No,Yes,Yes,No,No,Moderate
P447,39,No,No,No,No,No,No,Low
P028,70,No,No,No,No,No,No,Low
P425,45,No,No,Yes,No,No,No,Low
P231,48,No,Yes,No,No,No,No,Moderate
P261,68,No,No,No,No,No,No,Low
P289,53,No,No,Yes,No,No,No,Low
P163,44,No,Yes,Yes,Yes,No,No,High
P426,32,No,No,Yes,No,No,No,Low
P139,41,No,No,Yes,No,No,No,Low
P063,42,No,Yes,No,No,No,No,Moderate
P136,38,Yes,No,No,No,No,No,Low
P129,55,No,No,No,No,No,No,Low
P477,71,No,No,No,No,No,No,Low
P009,32,No,No,No,Yes,No,No,Low
P327,34,Yes,No,Yes,Yes,No,No,Moderate
P464,45,Yes,No,Yes,No,No,No,Moderate
P065,45,No,No,No,No,No,No,Low
P301,42,No,No,No,Yes,No,Yes,Moderate
P015,63,Yes,Yes,No,No,No,No,High
P157,27,No,No,Yes,No,No,Yes,Moderate
P041,30,Yes,No,No,No,Yes,Yes,High
P380,36,Yes,Yes,No,No,No,Yes,High
P469,31,No,No,No,Yes,No,No,Low
P404,79,No,No,No,No,No,No,Low
P217,24,No,Yes,No,No,No,No,Moderate
P280,25,No,No,No,No,No,No,Low
P435,46,No,No,No,No,No,No,Low
P431,25,No,No,Yes,No,No,Yes,Moderate
P338,39,No,No,No,No,No,No,Low
P237,60,No,No,Yes,No,No,No,Low
P208,79,No,No,No,No,No,No,Low
P213,68,Yes,No,No,No,No,No,Moderate
P296,51,No,No,No,No,No,Yes,Moderate
P458,58,Yes,No,No,No,No,No,Moderate
P252,50,Yes,No,Yes,No,No,No,Moderate
P489,66,No,No,No,No,No,No,Low
P487,40,No,No,Yes,No,No,Yes,Moderate
P304,74,Yes,No,No,No,Yes,No,High
P351,52,No,No,Yes,No,No,Yes,Moderate
P270,56,Yes,No,No,No,No,No,Moderate
P202,75,Yes,No,No,No,No,No,Moderate
P162,60,No,Yes,Yes,No,Yes,No,High
P044,41,No,No,No,No,No,Yes,Low
P218,25,Yes,No,No,No,No,No,Low
P402,67,Yes,Yes,No,No,No,No,High
P191,61,Yes,No,No,No,Yes,Yes,High
P310,26,No,No,Yes,No,No,No,Low
P260,55,No,No,Yes,No,No,No,Low
P106,68,No,No,No,Yes,No,Yes,High
P054,48,No,No,No,No,No,No,Low
P390,29,Yes,No,Yes,No,No,No,Moderate
P002,67,Yes,No,No,No,No,No,Moderate
P442,38,Yes,No,Yes,No,No,No,Moderate
P483,35,No,No,Yes,No,No,No,Low
P050,67,No,No,No,No,No,No,Low
P420,50,No,No,Yes,No,No,No,Low
P081,77,No,No,Yes,No,No,No,Moderate
P206,36,No,Yes,No,Yes,No,No,Moderate
P035,74,No,Yes,Yes,No,No,No,High
P264,76,No,Yes,Yes,No,No,No,High
P428,69,No,No,No,No,No,No,Low
P367,48,No,No,No,No,No,No,Low
P092,69,Yes,Yes,Yes,No,No,No,High
P340,78,No,No,No,No,No,Yes,Moderate
P474,48,Yes,No,No,No,No,No,Low
P053,42,No,Yes,Yes,No,No,No,Moderate
P346,35,No,No,No,No,Yes,No,Low
P265,80,No,No,Yes,No,No,No,Moderate
P242,55,No,No,Yes,No,No,Yes,Moderate
P014,66,No,No,Yes,No,No,No,Moderate
P316,60,No,Yes,No,Yes,No,No,High
P089,66,No,No,Yes,No,No,No,Moderate
P388,70,No,No,Yes,No,No,No,Moderate
P274,78,No,No,Yes,No,No,No,Moderate
P167,39,No,No,No,No,No,No,Low
P329,28,Yes,No,Yes,No,No,No,Moderate
P493,65,Yes,No,No,No,No,Yes,High
P135,68,No,No,Yes,No,No,No,Moderate
P307,38,No,Yes,Yes,Yes,No,No,High
P481,37,No,No,Yes,No,No,No,Low
P320,66,No,No,No,No,Yes,No,Moderate
P244,59,No,No,Yes,No,Yes,No,Moderate
P055,50,Yes,No,Yes,No,No,No,Moderate
P364,74,Yes,Yes,No,No,No,No,High
P051,66,No,No,No,No,Yes,Yes,High
P457,29,Yes,No,No,No,No,No,Low
P175,62,No,No,No,No,Yes,No,Moderate
P446,60,No,No,No,No,No,No,Low
P190,38,No,No,Yes,No,No,No,Low
P497,27,No,No,Yes,No,No,No,Low
P188,43,No,No,No,No,No,No,Low
P170,21,Yes,No,Yes,Yes,Yes,No,High
P059,65,No,No,No,No,No,No,Low
P049,61,No,No,Yes,No,No,No,Low
P345,75,No,No,Yes,Yes,No,No,Moderate
P236,63,No,Yes,No,Yes,No,No,High
P253,31,Yes,No,No,Yes,Yes,No,High
P022,42,No,No,No,No,No,No,Low
P314,37,No,No,Yes,No,No,Yes,Moderate
P460,26,No,No,No,No,No,No,Low
P161,80,No,No,Yes,No,No,No,Moderate
P277,48,Yes,Yes,No,No,Yes,No,High
P444,49,No,Yes,Yes,No,Yes,No,High
P192,58,No,Yes,No,No,No,No,Moderate
P386,27,No,No,No,No,No,No,Low
P294,40,Yes,No,No,Yes,No,No,Moderate
P414,28,No,No,No,No,No,No,Low
P344,51,No,No,No,No,No,Yes,Moderate
P258,26,Yes,No,No,No,Yes,No,Moderate
P309,39,No,No,No,No,No,No,Low
P150,23,No,No,No,No,No,No,Low
P131,54,No,No,No,No,No,No,Low
P152,37,Yes,No,No,No,No,Yes,Moderate
P360,65,No,No,No,No,No,Yes,Moderate
P100,28,No,Yes,No,No,No,No,Moderate
P373,45,Yes,Yes,Yes,No,No,No,High
P088,39,No,Yes,No,No,No,No,Moderate
P459,71,No,No,Yes,No,No,No,Moderate
P331,53,No,No,Yes,No,No,No,Low
P215,64,No,Yes,No,No,No,No,Moderate
P467,30,No,No,No,No,No,No,Low
P122,60,No,No,Yes,No,No,No,Low
P500,45,Yes,Yes,No,No,No,No,Moderate
P021,50,No,No,Yes,No,No,No,Low
P189,34,No,Yes,Yes,No,No,No,Moderate
P072,31,No,No,No,No,No,No,Low
P107,67,No,No,No,No,No,No,Low
P271,37,Yes,Yes,No,No,No,No,Moderate
P349,31,Yes,Yes,Yes,No,Yes,No,High
P436,27,No,Yes,No,No,No,No,Moderate
P103,69,No,Yes,No,No,No,No,Moderate
